[
  {
    "personId": 1,
    "firstName": "Paul",
    "lastName": "Shaefer",
    "emailAddress": "Pauls@netinc.com",
    "startDate": "1991-03-01"
  },
  {
    "personId": 2,
    "firstName": "Michael",
    "lastName": "Kawoski",
    "emailAddress": "Michaelk@netinc.com",
    "startDate": "1999-08-22"
  },
  {
    "personId": 3,
    "firstName": "Sara",
    "lastName": "Winchell",
    "emailAddress": "Saraw@netinc.com",
    "startDate": "2001-02-16"
  },
  {
    "personId": 4,
    "firstName": "John",
    "lastName": "Kroon",
    "emailAddress": "Johnk@netinc.com",
    "startDate": "2002-03-29",
    "salary": 90000
  },
  {
    "personId": 5,
    "firstName": "Tim",
    "lastName": "Nicker",
    "emailAddress": "Timn@netinc.com",
    "startDate": "2008-01-01"
  },
  {
    "personId": 6,
    "firstName": "Russ",
    "lastName": "Martlog",
    "emailAddress": "Russm@netinc.com",
    "startDate": "2009-02-15"
  },
  {
    "personId": 7,
    "firstName": "James",
    "lastName": "Birdy",
    "emailAddress": "Jamesb@netinc.com",
    "startDate": "2015-05-02"
  },
  {
    "personId": 8,
    "firstName": "Trey",
    "lastName": "Chen",
    "emailAddress": "Treyc@netinc.com",
    "startDate": "2005-06-30"
  },
  {
    "personId": 9,
    "firstName": "Jim",
    "lastName": "Jones",
    "emailAddress": "Jimj@netinc.com",
    "startDate": "2003-10-01"
  },
  {
    "personId": 10,
    "firstName": "John",
    "lastName": "Pittsburgh",
    "emailAddress": "Johnp@netinc.com",
    "startDate": "2007-04-16"
  },
  {
    "personId": 11,
    "firstName": "Jeanne",
    "lastName": "Russell",
    "emailAddress": "Jeanner@netinc.com",
    "startDate": "2004-09-11"
  },
  {
    "personId": 12,
    "firstName": "David",
    "lastName": "Lafeet",
    "emailAddress": "Davidl@netinc.com",
    "startDate": "2011-11-11"
  },
  {
    "personId": 13,
    "firstName": "Khanh",
    "lastName": "Voon",
    "emailAddress": "Khanhv@netinc.com",
    "startDate": "2006-07-05"
  },
  {
    "personId": 14,
    "firstName": "Jim",
    "lastName": "Russell",
    "emailAddress": "Jimr@netinc.com",
    "startDate": "2012-08-17"
  },
  {
    "personId": 15,
    "firstName": "David",
    "lastName": "Tarkas",
    "emailAddress": "Davidt@netinc.com",
    "startDate": "1999-03-16"
  },
  {
    "personId": 16,
    "firstName": "Craig",
    "lastName": "Showman",
    "emailAddress": "Craigs@netinc.com",
    "startDate": "2001-10-15"
  },
  {
    "personId": 17,
    "firstName": "Brooks",
    "lastName": "Anderson",
    "emailAddress": "Brooksa@netinc.com",
    "startDate": "2003-07-15"
  },
  {
    "personId": 18,
    "firstName": "Mark",
    "lastName": "Parks",
    "emailAddress": "Markp@netinc.com",
    "startDate": "2013-01-15"
  },
  {
    "personId": 19,
    "firstName": "John",
    "lastName": "Smith",
    "emailAddress": "JohnSmith@netinc.com",
    "startDate": "2002-04-01"
  }
]